Payment_method,QuantityPerMethod,Total_Sales_Per_Method,Percentage
PayPal,133,48595,0.271761317562844
Credit Card,108,41610,0.232698599110813
Gift Card,64,32055,0.179263484606996
Amazon Pay,106,30535,0.170763079160026
Debit Card,109,26020,0.145513519559321
